Id,size1,size2,size3
56689,1,1,1
56691,1,1,1
56697,1,1,1
56698,1,1,1
56701,1,1,1
56703,1,1,1
56710,1,1,1
56717,1,1,1
56719,1,1,1
56731,1,1,1
56735,1,1,1
56737,1,1,1
56738,1,1,1
56742,1,1,1
56752,1,1,1
56758,1,1,1
56761,1,1,1
56767,1,1,1
56769,1,1,1
56775,1,1,1
56777,1,1,1
56779,1,1,1
56783,1,1,1
56785,1,1,1
56787,1,1,1
56793,1,1,1
56797,1,1,1
56803,1,1,1
56807,1,1,1
56811,1,1,1
56813,1,1,1
56821,1,1,1
56825,1,1,1
56827,1,1,1
56831,1,1,1
56833,1,1,1
56835,1,1,1
56849,1,1,1
56855,1,1,1
56859,1,1,1
56861,1,1,1
56869,1,1,1
56873,1,1,1
56875,1,1,1
56877,1,1,1
56879,1,1,1
56881,1,1,1
56885,1,1,1
56889,1,1,1
56891,1,1,1
56893,1,1,1
56897,1,1,1
56907,1,1,1
56911,1,1,1
56915,1,1,1
56919,1,1,1
56921,1,1,1
56923,1,1,1
56925,1,1,1
56928,1,1,1
56931,1,1,1
56933,1,1,1
56941,1,1,1
56943,1,1,1
56947,1,1,1
56949,1,1,1
56953,1,1,1
56957,1,1,1
56959,1,1,1
56961,1,1,1
56963,1,1,1
56965,1,1,1
56969,1,1,1
56979,1,1,1
56981,1,1,1
56989,1,1,1
56993,1,1,1
57004,1,1,1
57006,1,1,1
57008,1,1,1
57010,1,1,1
57016,1,1,1
57028,1,1,1
57037,1,1,1
57041,1,1,1
57043,1,1,1
57045,1,1,1
57049,1,1,1
57050,1,1,1
57053,1,1,1
57055,1,1,1
57056,1,1,1
57059,1,1,1
57063,1,1,1
57065,1,1,1
57067,1,1,1
57070,1,1,1
57072,1,1,1
57073,1,1,1
57074,1,1,1
57076,1,1,1
57079,1,1,1
57082,1,1,1
57087,1,1,1
57088,1,1,1
57090,1,1,1
57092,1,1,1
57094,1,1,1
57095,1,1,1
57096,1,1,1
57103,1,1,1
57106,1,1,1
57115,1,1,1
57121,1,1,1
57122,1,1,1
57123,1,1,1
57125,1,1,1
57131,1,1,1
57133,1,1,1
57137,1,1,1
57145,1,1,1
57155,1,1,1
57161,1,1,1
57165,1,1,1
57167,1,1,1
57169,1,1,1
57171,1,1,1
57175,1,1,1
57177,1,1,1
57183,1,1,1
57185,1,1,1
57187,1,1,1
57189,1,1,1
57195,1,1,1
57201,1,1,1
57215,1,1,1
57219,1,1,1
57235,1,1,1
57240,1,1,1
57244,1,1,1
57253,1,1,1
57255,1,1,1
57261,1,1,1
57268,1,1,1
57270,1,1,1
57278,1,1,1
57280,1,1,1
57282,1,1,1
57284,1,1,1
57286,1,1,1
57288,1,1,1
57292,1,1,1
57294,1,1,1
57298,1,1,1
57311,1,1,1
57317,1,1,1
57319,1,1,1
57321,1,1,1
57323,1,1,1
57325,1,1,1
57338,1,1,1
57340,1,1,1
57341,1,1,1
57345,1,1,1
57355,1,1,1
57356,1,1,1
57357,1,1,1
57359,1,1,1
57363,1,1,1
57366,1,1,1
57367,1,1,1
57369,1,1,1
57375,1,1,1
57376,1,1,1
57378,1,1,1
57381,1,1,1
57383,1,1,1
57384,1,1,1
57385,1,1,1
57390,1,1,1
57395,1,1,1
57398,1,1,1
57399,1,1,1
57402,1,1,1
57411,1,1,1
57416,1,1,1
57419,1,1,1
57423,1,1,1
57425,1,1,1
57427,1,1,1
57431,1,1,1
57447,1,1,1
57449,1,1,1
57454,1,1,1
57461,1,1,1
57463,1,1,1
57465,1,1,1
57471,1,1,1
57473,1,1,1
57479,1,1,1
57481,1,1,1
57484,1,1,1
57485,1,1,1
57488,1,1,1
57490,1,1,1
57494,1,1,1
57495,1,1,1
57496,1,1,1
57497,1,1,1
57509,1,1,1
57512,1,1,1
57515,1,1,1
57517,1,1,1
57518,1,1,1
57521,1,1,1
57522,1,1,1
57523,1,1,1
57524,1,1,1
57525,1,1,1
57526,1,1,1
57527,1,1,1
57535,1,1,1
57545,1,1,1
57547,1,1,1
57549,1,1,1
57552,1,1,1
57553,1,1,1
57565,1,1,1
57567,1,1,1
57570,1,1,1
57571,1,1,1
57574,1,1,1
57575,1,1,1
57576,1,1,1
57579,1,1,1
57587,1,1,1
57589,1,1,1
57595,1,1,1
57598,1,1,1
57602,1,1,1
57605,1,1,1
57613,1,1,1
57616,1,1,1
57617,1,1,1
57618,1,1,1
57619,1,1,1
57621,1,1,1
57622,1,1,1
57623,1,1,1
57624,1,1,1
57626,1,1,1
57632,1,1,1
57633,1,1,1
57634,1,1,1
57638,1,1,1
57641,1,1,1
57642,1,1,1
57643,1,1,1
57647,1,1,1
57648,1,1,1
57652,1,1,1
57653,1,1,1
57654,1,1,1
57662,1,1,1
57664,1,1,1
57665,1,1,1
57668,1,1,1
57669,1,1,1
57673,1,1,1
57675,1,1,1
57676,1,1,1
57677,1,1,1
57680,1,1,1
57681,1,1,1
57683,1,1,1
57685,1,1,1
57687,1,1,1
57692,1,1,1
57695,1,1,1
57696,1,1,1
57698,1,1,1
57700,1,1,1
57703,1,1,1
57705,1,1,1
57707,1,1,1
57710,1,1,1
57712,1,1,1
57713,1,1,1
57718,1,1,1
57724,1,1,1
57729,1,1,1
57731,1,1,1
57732,1,1,1
57734,1,1,1
57735,1,1,1
57750,1,1,1
57755,1,1,1
57756,1,1,1
57758,1,1,1
57759,1,1,1
57763,1,1,1
57764,1,1,1
57765,1,1,1
57767,1,1,1
57768,1,1,1
57770,1,1,1
57771,1,1,1
57773,1,1,1
57774,1,1,1
57775,1,1,1
57778,1,1,1
57779,1,1,1
57780,1,1,1
57783,1,1,1
57792,1,1,1
57795,1,1,1
57798,1,1,1
57810,1,1,1
57815,1,1,1
57818,1,1,1
57820,1,1,1
57821,1,1,1
57822,1,1,1
57825,1,1,1
57827,1,1,1
57830,1,1,1
57834,1,1,1
57836,1,1,1
57841,1,1,1
57842,1,1,1
57845,1,1,1
57846,1,1,1
57847,1,1,1
57852,1,1,1
57854,1,1,1
57855,1,1,1
57856,1,1,1
57858,1,1,1
57859,1,1,1
57860,1,1,1
57862,1,1,1
57864,1,1,1
57867,1,1,1
57868,1,1,1
57869,1,1,1
57871,1,1,1
57873,1,1,1
57874,1,1,1
57875,1,1,1
57876,1,1,1
57878,1,1,1
57880,1,1,1
57881,1,1,1
57882,1,1,1
57884,1,1,1
57885,1,1,1
57886,1,1,1
57888,1,1,1
57889,1,1,1
57893,1,1,1
57903,1,1,1
57905,1,1,1
57906,1,1,1
57909,1,1,1
57912,1,1,1
57913,1,1,1
57918,1,1,1
57920,1,1,1
57921,1,1,1
57922,1,1,1
57924,1,1,1
57925,1,1,1
57928,1,1,1
57931,1,1,1
57936,1,1,1
57938,1,1,1
57939,1,1,1
57941,1,1,1
57942,1,1,1
57943,1,1,1
57945,1,1,1
57946,1,1,1
57951,1,1,1
57953,1,1,1
57956,1,1,1
57957,1,1,1
57960,1,1,1
57962,1,1,1
57964,1,1,1
57966,1,1,1
57969,1,1,1
57970,1,1,1
57971,1,1,1
57972,1,1,1
57973,1,1,1
57975,1,1,1
57976,1,1,1
57979,1,1,1
57980,1,1,1
57981,1,1,1
57983,1,1,1
57985,1,1,1
57987,1,1,1
57988,1,1,1
57989,1,1,1
57992,1,1,1
57993,1,1,1
57994,1,1,1
57997,1,1,1
58007,1,1,1
58010,1,1,1
58015,1,1,1
58017,1,1,1
58020,1,1,1
58021,1,1,1
58026,1,1,1
58029,1,1,1
58039,1,1,1
58041,1,1,1
58043,1,1,1
58046,1,1,1
58047,1,1,1
58048,1,1,1
58050,1,1,1
58051,1,1,1
58052,1,1,1
58053,1,1,1
58061,1,1,1
58062,1,1,1
58075,1,1,1
58077,1,1,1
58078,1,1,1
58081,1,1,1
58082,1,1,1
58083,1,1,1
58098,1,1,1
58099,1,1,1
58101,1,1,1
58107,1,1,1
58110,1,1,1
58111,1,1,1
58112,1,1,1
58115,1,1,1
58119,1,1,1
58120,1,1,1
58121,1,1,1
58123,1,1,1
58127,1,1,1
58128,1,1,1
58132,1,1,1
58138,1,1,1
58139,1,1,1
58140,1,1,1
58142,1,1,1
58144,1,1,1
58147,1,1,1
58150,1,1,1
58151,1,1,1
58153,1,1,1
58156,1,1,1
58157,1,1,1
58158,1,1,1
58159,1,1,1
58162,1,1,1
58163,1,1,1
58165,1,1,1
58167,1,1,1
58169,1,1,1
58173,1,1,1
58176,1,1,1
58178,1,1,1
58181,1,1,1
58183,1,1,1
58185,1,1,1
58186,1,1,1
58188,1,1,1
58194,1,1,1
58199,1,1,1
58200,1,1,1
58203,1,1,1
58206,1,1,1
58208,1,1,1
58210,1,1,1
58217,1,1,1
58218,1,1,1
58223,1,1,1
58224,1,1,1
58225,1,1,1
58226,1,1,1
58227,1,1,1
58230,1,1,1
58233,1,1,1
58236,1,1,1
58239,1,1,1
58242,1,1,1
58245,1,1,1
58253,1,1,1
58256,1,1,1
58258,1,1,1
58263,1,1,1
58267,1,1,1
58268,1,1,1
58272,1,1,1
58280,1,1,1
58283,1,1,1
58286,1,1,1
58287,1,1,1
58288,1,1,1
58292,1,1,1
58294,1,1,1
58297,1,1,1
58298,1,1,1
58299,1,1,1
58301,1,1,1
58305,1,1,1
58306,1,1,1
58315,1,1,1
58318,1,1,1
58324,1,1,1
58327,1,1,1
58328,1,1,1
58331,1,1,1
58335,1,1,1
58337,1,1,1
58343,1,1,1
58346,1,1,1
58355,1,1,1
58367,1,1,1
58369,1,1,1
58371,1,1,1
58372,1,1,1
58374,1,1,1
58376,1,1,1
58377,1,1,1
58378,1,1,1
58384,1,1,1
58385,1,1,1
58386,1,1,1
58388,1,1,1
58390,1,1,1
58391,1,1,1
58393,1,1,1
58395,1,1,1
58398,1,1,1
58400,1,1,1
58401,1,1,1
58402,1,1,1
58403,1,1,1
58404,1,1,1
58405,1,1,1
58407,1,1,1
58408,1,1,1
58409,1,1,1
58410,1,1,1
58415,1,1,1
58417,1,1,1
58418,1,1,1
58419,1,1,1
58425,1,1,1
58426,1,1,1
58427,1,1,1
58428,1,1,1
58429,1,1,1
58430,1,1,1
58434,1,1,1
58437,1,1,1
58439,1,1,1
58448,1,1,1
58450,1,1,1
58451,1,1,1
58452,1,1,1
58453,1,1,1
58454,1,1,1
58457,1,1,1
58458,1,1,1
58461,1,1,1
58462,1,1,1
58463,1,1,1
58464,1,1,1
58465,1,1,1
58466,1,1,1
58468,1,1,1
58471,1,1,1
58472,1,1,1
58473,1,1,1
58475,1,1,1
58477,1,1,1
58478,1,1,1
58479,1,1,1
58480,1,1,1
58482,1,1,1
58483,1,1,1
58484,1,1,1
58485,1,1,1
58488,1,1,1
58490,1,1,1
58491,1,1,1
58492,1,1,1
58494,1,1,1
58496,1,1,1
58497,1,1,1
58500,1,1,1
58501,1,1,1
58503,1,1,1
58504,1,1,1
58511,1,1,1
58512,1,1,1
58513,1,1,1
58514,1,1,1
58516,1,1,1
58517,1,1,1
58521,1,1,1
58522,1,1,1
58523,1,1,1
58524,1,1,1
58525,1,1,1
58527,1,1,1
58529,1,1,1
58530,1,1,1
58534,1,1,1
58535,1,1,1
58536,1,1,1
58540,1,1,1
58541,1,1,1
58542,1,1,1
58543,1,1,1
58544,1,1,1
58546,1,1,1
58547,1,1,1
58548,1,1,1
58549,1,1,1
58550,1,1,1
58553,1,1,1
58554,1,1,1
58555,1,1,1
58556,1,1,1
58557,1,1,1
58558,1,1,1
58559,1,1,1
58561,1,1,1
58563,1,1,1
58564,1,1,1
58568,1,1,1
58574,1,1,1
58575,1,1,1
58577,1,1,1
58579,1,1,1
58580,1,1,1
58583,1,1,1
58586,1,1,1
58587,1,1,1
58591,1,1,1
58593,1,1,1
58594,1,1,1
58597,1,1,1
58598,1,1,1
58601,1,1,1
58602,1,1,1
58603,1,1,1
58608,1,1,1
58611,1,1,1
58615,1,1,1
58616,1,1,1
58619,1,1,1
58620,1,1,1
58622,1,1,1
58623,1,1,1
58625,1,1,1
58626,1,1,1
58627,1,1,1
58628,1,1,1
58630,1,1,1
58636,1,1,1
58641,1,1,1
58643,1,1,1
58644,1,1,1
58646,1,1,1
58647,1,1,1
58649,1,1,1
58651,1,1,1
58653,1,1,1
58660,1,1,1
58665,1,1,1
58666,1,1,1
58667,1,1,1
58670,1,1,1
58673,1,1,1
58677,1,1,1
58680,1,1,1
58682,1,1,1
58684,1,1,1
58689,1,1,1
58695,1,1,1
58703,1,1,1
58706,1,1,1
58710,1,1,1
58720,1,1,1
58722,1,1,1
58735,1,1,1
58746,1,1,1
58748,1,1,1
58756,1,1,1
58761,1,1,1
58762,1,1,1
58763,1,1,1
58765,1,1,1
58771,1,1,1
58776,1,1,1
58782,1,1,1
58784,1,1,1
58790,1,1,1
58792,1,1,1
58796,1,1,1
58797,1,1,1
58807,1,1,1
58811,1,1,1
58819,1,1,1
58821,1,1,1
58822,1,1,1
58823,1,1,1
58825,1,1,1
58829,1,1,1
58833,1,1,1
58834,1,1,1
58835,1,1,1
58841,1,1,1
58843,1,1,1
58844,1,1,1
58846,1,1,1
58848,1,1,1
58849,1,1,1
58850,1,1,1
58854,1,1,1
58855,1,1,1
58856,1,1,1
58858,1,1,1
58860,1,1,1
58861,1,1,1
58863,1,1,1
58868,1,1,1
58871,1,1,1
58877,1,1,1
58878,1,1,1
58879,1,1,1
58880,1,1,1
58884,1,1,1
58887,1,1,1
58890,1,1,1
58891,1,1,1
58893,1,1,1
58897,1,1,1
58899,1,1,1
58900,1,1,1
58902,1,1,1
58907,1,1,1
58909,1,1,1
58910,1,1,1
58911,1,1,1
58913,1,1,1
58915,1,1,1
58917,1,1,1
58922,1,1,1
58925,1,1,1
58926,1,1,1
58927,1,1,1
58930,1,1,1
58932,1,1,1
58933,1,1,1
58940,1,1,1
58960,1,1,1
58961,1,1,1
58962,1,1,1
58963,1,1,1
58964,1,1,1
58967,1,1,1
58972,1,1,1
58974,1,1,1
58975,1,1,1
58976,1,1,1
58979,1,1,1
58990,1,1,1
58991,1,1,1
58992,1,1,1
58993,1,1,1
58994,1,1,1
58996,1,1,1
59000,1,1,1
59003,1,1,1
59005,1,1,1
59012,1,1,1
59015,1,1,1
59017,1,1,1
59018,1,1,1
59019,1,1,1
59021,1,1,1
59022,1,1,1
59024,1,1,1
59026,1,1,1
59028,1,1,1
59029,1,1,1
59031,1,1,1
59032,1,1,1
59034,1,1,1
59036,1,1,1
59041,1,1,1
59044,1,1,1
59050,1,1,1
59051,1,1,1
59052,1,1,1
59058,1,1,1
59059,1,1,1
59062,1,1,1
59063,1,1,1
59064,1,1,1
59066,1,1,1
59070,1,1,1
59071,1,1,1
59072,1,1,1
59073,1,1,1
59075,1,1,1
59078,1,1,1
59080,1,1,1
59081,1,1,1
59084,1,1,1
59085,1,1,1
59086,1,1,1
59087,1,1,1
59088,1,1,1
59090,1,1,1
59092,1,1,1
59093,1,1,1
59094,1,1,1
59096,1,1,1
59097,1,1,1
59098,1,1,1
59100,1,1,1
59103,1,1,1
59106,1,1,1
59107,1,1,1
59109,1,1,1
59112,1,1,1
59114,1,1,1
59115,1,1,1
59116,1,1,1
59120,1,1,1
59122,1,1,1
59123,1,1,1
59124,1,1,1
59126,1,1,1
59127,1,1,1
59129,1,1,1
59132,1,1,1
59134,1,1,1
59137,1,1,1
59138,1,1,1
59139,1,1,1
59140,1,1,1
59141,1,1,1
59142,1,1,1
59144,1,1,1
59145,1,1,1
59146,1,1,1
59149,1,1,1
59150,1,1,1
59153,1,1,1
59161,1,1,1
59164,1,1,1
59165,1,1,1
59170,1,1,1
59171,1,1,1
59178,1,1,1
59182,1,1,1
59184,1,1,1
59195,1,1,1
59199,1,1,1
59210,1,1,1
59211,1,1,1
59215,1,1,1
59217,1,1,1
59222,1,1,1
59226,1,1,1
59227,1,1,1
59231,1,1,1
59235,1,1,1
59239,1,1,1
59241,1,1,1
59253,1,1,1
59254,1,1,1
59265,1,1,1
59267,1,1,1
59270,1,1,1
59271,1,1,1
59272,1,1,1
59273,1,1,1
59276,1,1,1
59277,1,1,1
59278,1,1,1
59281,1,1,1
59285,1,1,1
59286,1,1,1
59287,1,1,1
59290,1,1,1
59291,1,1,1
59293,1,1,1
59294,1,1,1
59295,1,1,1
59296,1,1,1
59299,1,1,1
59300,1,1,1
59308,1,1,1
59309,1,1,1
59315,1,1,1
59317,1,1,1
59324,1,1,1
59325,1,1,1
59330,1,1,1
59331,1,1,1
59332,1,1,1
59340,1,1,1
59342,1,1,1
59350,1,1,1
59351,1,1,1
59352,1,1,1
59353,1,1,1
59355,1,1,1
59356,1,1,1
59357,1,1,1
59358,1,1,1
59359,1,1,1
59361,1,1,1
59362,1,1,1
59367,1,1,1
59368,1,1,1
59370,1,1,1
59387,1,1,1
59393,1,1,1
59394,1,1,1
59409,1,1,1
59410,1,1,1
59429,1,1,1
59430,1,1,1
59431,1,1,1
59437,1,1,1
59439,1,1,1
59440,1,1,1
59443,1,1,1
59445,1,1,1
59450,1,1,1
59451,1,1,1
59452,1,1,1
59453,1,1,1
59559,1,1,1
59562,1,1,1
59564,1,1,1
59565,1,1,1
59570,1,1,1
59583,1,1,1
59590,1,1,1
59595,1,1,1
59598,1,1,1
59600,1,1,1
59601,1,1,1
59602,1,1,1
59603,1,1,1
59606,1,1,1
59608,1,1,1
59609,1,1,1
59610,1,1,1
59611,1,1,1
59612,1,1,1
59619,1,1,1
59622,1,1,1
59625,1,1,1
59626,1,1,1
59628,1,1,1
59630,1,1,1
59631,1,1,1
59634,1,1,1
59635,1,1,1
59637,1,1,1
59638,1,1,1
59639,1,1,1
59640,1,1,1
59641,1,1,1
83495,1,1,1
83497,1,1,1
83504,1,1,1
83508,1,1,1
83514,1,1,1
83520,1,1,1
83529,1,1,1
83542,1,1,1
83544,1,1,1
83546,1,1,1
83549,1,1,1
83551,1,1,1
83552,1,1,1
83559,1,1,1
83561,1,1,1
83564,1,1,1
83566,1,1,1
83568,1,1,1
83570,1,1,1
83577,1,1,1
83581,1,1,1
83582,1,1,1
83583,1,1,1
83587,1,1,1
83588,1,1,1
83589,1,1,1
83591,1,1,1
83593,1,1,1
83594,1,1,1
83596,1,1,1
83598,1,1,1
83607,1,1,1
83612,1,1,1
83613,1,1,1
83623,1,1,1
83628,1,1,1
83629,1,1,1
83633,1,1,1
83634,1,1,1
83641,1,1,1
83645,1,1,1
83647,1,1,1
83651,1,1,1
83655,1,1,1
83657,1,1,1
83659,1,1,1
83664,1,1,1
83666,1,1,1
83669,1,1,1
83672,1,1,1
83673,1,1,1
83674,1,1,1
83676,1,1,1
83677,1,1,1
83685,1,1,1
83686,1,1,1
83688,1,1,1
83689,1,1,1
83691,1,1,1
83697,1,1,1
83698,1,1,1
83699,1,1,1
83700,1,1,1
83704,1,1,1
83706,1,1,1
83707,1,1,1
83709,1,1,1
83710,1,1,1
83714,1,1,1
83716,1,1,1
83721,1,1,1
83722,1,1,1
83723,1,1,1
83724,1,1,1
83726,1,1,1
83727,1,1,1
83728,1,1,1
83733,1,1,1
83736,1,1,1
83740,1,1,1
83744,1,1,1
83747,1,1,1
83748,1,1,1
83749,1,1,1
83750,1,1,1
83752,1,1,1
83754,1,1,1
83756,1,1,1
83757,1,1,1
83759,1,1,1
83760,1,1,1
83761,1,1,1
83763,1,1,1
83767,1,1,1
83772,1,1,1
83775,1,1,1
83778,1,1,1
83786,1,1,1
83787,1,1,1
83788,1,1,1
83790,1,1,1
83794,1,1,1
83797,1,1,1
83798,1,1,1
83799,1,1,1
83800,1,1,1
83802,1,1,1
83804,1,1,1
83805,1,1,1
83809,1,1,1
83811,1,1,1
83814,1,1,1
83815,1,1,1
83822,1,1,1
83823,1,1,1
83828,1,1,1
83829,1,1,1
83831,1,1,1
83832,1,1,1
83837,1,1,1
83839,1,1,1
83841,1,1,1
83842,1,1,1
83847,1,1,1
83853,1,1,1
83858,1,1,1
83859,1,1,1
83861,1,1,1
83864,1,1,1
83866,1,1,1
83868,1,1,1
83869,1,1,1
83871,1,1,1
83873,1,1,1
83876,1,1,1
83878,1,1,1
83879,1,1,1
83881,1,1,1
83882,1,1,1
83883,1,1,1
83884,1,1,1
83893,1,1,1
83894,1,1,1
83895,1,1,1
83897,1,1,1
83899,1,1,1
83900,1,1,1
83901,1,1,1
83904,1,1,1
83906,1,1,1
83907,1,1,1
83908,1,1,1
83910,1,1,1
83915,1,1,1
83920,1,1,1
83926,1,1,1
83927,1,1,1
83928,1,1,1
83929,1,1,1
83931,1,1,1
83937,1,1,1
83938,1,1,1
83946,1,1,1
83948,1,1,1
83953,1,1,1
83960,1,1,1
83963,1,1,1
83966,1,1,1
83971,1,1,1
83974,1,1,1
83979,1,1,1
83984,1,1,1
83986,1,1,1
83988,1,1,1
83992,1,1,1
83994,1,1,1
83997,1,1,1
84002,1,1,1
84009,1,1,1
84011,1,1,1
84012,1,1,1
84017,1,1,1
84019,1,1,1
84021,1,1,1
84022,1,1,1
84024,1,1,1
84026,1,1,1
84027,1,1,1
84030,1,1,1
84031,1,1,1
84036,1,1,1
84038,1,1,1
84045,1,1,1
84046,1,1,1
84047,1,1,1
84048,1,1,1
84052,1,1,1
84054,1,1,1
84059,1,1,1
84060,1,1,1
84063,1,1,1
84067,1,1,1
84069,1,1,1
84071,1,1,1
84072,1,1,1
84075,1,1,1
84076,1,1,1
84077,1,1,1
84078,1,1,1
84082,1,1,1
84083,1,1,1
84084,1,1,1
84086,1,1,1
84092,1,1,1
84093,1,1,1
84095,1,1,1
84100,1,1,1
84101,1,1,1
84106,1,1,1
84109,1,1,1
84110,1,1,1
84113,1,1,1
84114,1,1,1
84115,1,1,1
84116,1,1,1
84118,1,1,1
84122,1,1,1
84123,1,1,1
84126,1,1,1
84128,1,1,1
84129,1,1,1
84131,1,1,1
84132,1,1,1
84133,1,1,1
84134,1,1,1
84135,1,1,1
84136,1,1,1
84143,1,1,1
84144,1,1,1
84147,1,1,1
84151,1,1,1
84153,1,1,1
84155,1,1,1
84162,1,1,1
84165,1,1,1
84169,1,1,1
84170,1,1,1
84173,1,1,1
84175,1,1,1
84176,1,1,1
84181,1,1,1
84188,1,1,1
84192,1,1,1
84195,1,1,1
84198,1,1,1
84200,1,1,1
84202,1,1,1
84204,1,1,1
84205,1,1,1
84209,1,1,1
84213,1,1,1
84214,1,1,1
84215,1,1,1
84223,1,1,1
84224,1,1,1
84226,1,1,1
84228,1,1,1
84229,1,1,1
84234,1,1,1
84236,1,1,1
84237,1,1,1
84238,1,1,1
84239,1,1,1
84242,1,1,1
84244,1,1,1
84246,1,1,1
84249,1,1,1
84250,1,1,1
84251,1,1,1
84254,1,1,1
84255,1,1,1
84256,1,1,1
84257,1,1,1
84267,1,1,1
84271,1,1,1
84275,1,1,1
84279,1,1,1
84281,1,1,1
84288,1,1,1
84303,1,1,1
84311,1,1,1
84317,1,1,1
84325,1,1,1
84327,1,1,1
84331,1,1,1
84335,1,1,1
84337,1,1,1
84341,1,1,1
84355,1,1,1
84357,1,1,1
84363,1,1,1
84365,1,1,1
84367,1,1,1
84371,1,1,1
84373,1,1,1
84375,1,1,1
84383,1,1,1
84387,1,1,1
84391,1,1,1
84393,1,1,1
84395,1,1,1
84407,1,1,1
84409,1,1,1
84411,1,1,1
84415,1,1,1
84423,1,1,1
84428,1,1,1
84431,1,1,1
84434,1,1,1
84442,1,1,1
84449,1,1,1
84455,1,1,1
84463,1,1,1
84469,1,1,1
84473,1,1,1
84475,1,1,1
84477,1,1,1
84483,1,1,1
84487,1,1,1
84495,1,1,1
84501,1,1,1
84505,1,1,1
84511,1,1,1
84515,1,1,1
84517,1,1,1
84521,1,1,1
84535,1,1,1
84541,1,1,1
84545,1,1,1
84551,1,1,1
84554,1,1,1
84555,1,1,1
84579,1,1,1
84582,1,1,1
84583,1,1,1
84598,1,1,1
84603,1,1,1
84605,1,1,1
84613,1,1,1
84627,1,1,1
84631,1,1,1
84632,1,1,1
84638,1,1,1
84639,1,1,1
84651,1,1,1
84657,1,1,1
84659,1,1,1
84663,1,1,1
84673,1,1,1
84679,1,1,1
84681,1,1,1
84695,1,1,1
84703,1,1,1
84707,1,1,1
84709,1,1,1
84715,1,1,1
84717,1,1,1
84719,1,1,1
84720,1,1,1
84723,1,1,1
84729,1,1,1
84731,1,1,1
84733,1,1,1
84744,1,1,1
84755,1,1,1
84761,1,1,1
84765,1,1,1
84767,1,1,1
84771,1,1,1
84801,1,1,1
84813,1,1,1
84831,1,1,1
84837,1,1,1
84839,1,1,1
84849,1,1,1
84859,1,1,1
84869,1,1,1
84871,1,1,1
84873,1,1,1
84875,1,1,1
84877,1,1,1
84879,1,1,1
84883,1,1,1
84893,1,1,1
84905,1,1,1
84909,1,1,1
84913,1,1,1
84917,1,1,1
84929,1,1,1
84931,1,1,1
84937,1,1,1
84939,1,1,1
84959,1,1,1
84960,1,1,1
84973,1,1,1
84977,1,1,1
84987,1,1,1
84991,1,1,1
84995,1,1,1
85001,1,1,1
85007,1,1,1
85009,1,1,1
85011,1,1,1
85017,1,1,1
85023,1,1,1
85043,1,1,1
85045,1,1,1
85047,1,1,1
85049,1,1,1
85055,1,1,1
85079,1,1,1
85081,1,1,1
85083,1,1,1
85097,1,1,1
85105,1,1,1
85119,1,1,1
85123,1,1,1
85125,1,1,1
85175,1,1,1
85181,1,1,1
85190,1,1,1
85195,1,1,1
85203,1,1,1
85219,1,1,1
85221,1,1,1
85225,1,1,1
85228,1,1,1
85232,1,1,1
85239,1,1,1
85246,1,1,1
85247,1,1,1
85257,1,1,1
85270,1,1,1
85271,1,1,1
85272,1,1,1
85295,1,1,1
85323,1,1,1
85324,1,1,1
85328,1,1,1
85331,1,1,1
85332,1,1,1
85333,1,1,1
85340,1,1,1
85342,1,1,1
85344,1,1,1
85346,1,1,1
85347,1,1,1
85348,1,1,1
85349,1,1,1
85353,1,1,1
85354,1,1,1
85356,1,1,1
85357,1,1,1
85358,1,1,1
85359,1,1,1
85365,1,1,1
85366,1,1,1
85369,1,1,1
85375,1,1,1
85378,1,1,1
85380,1,1,1
85391,1,1,1
85404,1,1,1
85419,1,1,1
85420,1,1,1
85425,1,1,1
85432,1,1,1
85433,1,1,1
85434,1,1,1
85435,1,1,1
85438,1,1,1
85440,1,1,1
85442,1,1,1
85443,1,1,1
85448,1,1,1
85451,1,1,1
85454,1,1,1
85456,1,1,1
85464,1,1,1
85466,1,1,1
85468,1,1,1
85469,1,1,1
85472,1,1,1
85473,1,1,1
85474,1,1,1
85479,1,1,1
85481,1,1,1
85488,1,1,1
85489,1,1,1
85496,1,1,1
85498,1,1,1
87703,1,1,1
87715,1,1,1
87721,1,1,1
87722,1,1,1
87723,1,1,1
87727,1,1,1
87730,1,1,1
87740,1,1,1
87742,1,1,1
87744,1,1,1
87746,1,1,1
87747,1,1,1
87750,1,1,1
87755,1,1,1
87756,1,1,1
87757,1,1,1
87760,1,1,1
87763,1,1,1
87764,1,1,1
87766,1,1,1
87770,1,1,1
87772,1,1,1
87776,1,1,1
87777,1,1,1
87786,1,1,1
87787,1,1,1
87790,1,1,1
87792,1,1,1
87793,1,1,1
87796,1,1,1
87798,1,1,1
87799,1,1,1
87803,1,1,1
87804,1,1,1
87805,1,1,1
87806,1,1,1
87809,1,1,1
87812,1,1,1
87816,1,1,1
87818,1,1,1
87819,1,1,1
87822,1,1,1
87824,1,1,1
87831,1,1,1
87833,1,1,1
87838,1,1,1
87841,1,1,1
87847,1,1,1
87848,1,1,1
87852,1,1,1
87854,1,1,1
87856,1,1,1
87858,1,1,1
87859,1,1,1
87865,1,1,1
87866,1,1,1
87868,1,1,1
87870,1,1,1
87871,1,1,1
87875,1,1,1
87877,1,1,1
87878,1,1,1
87886,1,1,1
87887,1,1,1
87889,1,1,1
87894,1,1,1
87896,1,1,1
87899,1,1,1
87903,1,1,1
87905,1,1,1
87908,1,1,1
87910,1,1,1
87914,1,1,1
87916,1,1,1
87925,1,1,1
87929,1,1,1
87934,1,1,1
87936,1,1,1
87937,1,1,1
87940,1,1,1
87945,1,1,1
87950,1,1,1
87953,1,1,1
87954,1,1,1
87955,1,1,1
87965,1,1,1
87966,1,1,1
87981,1,1,1
87996,1,1,1
87997,1,1,1
88000,1,1,1
88001,1,1,1
88002,1,1,1
88006,1,1,1
88007,1,1,1
88015,1,1,1
88018,1,1,1
88019,1,1,1
88022,1,1,1
88024,1,1,1
88026,1,1,1
88037,1,1,1
88041,1,1,1
88043,1,1,1
88044,1,1,1
88056,1,1,1
88057,1,1,1
88062,1,1,1
88066,1,1,1
88067,1,1,1
88071,1,1,1
88075,1,1,1
88078,1,1,1
88080,1,1,1
88082,1,1,1
88089,1,1,1
88090,1,1,1
88091,1,1,1
88101,1,1,1
88106,1,1,1
88109,1,1,1
88111,1,1,1
88112,1,1,1
88113,1,1,1
88119,1,1,1
88120,1,1,1
88124,1,1,1
88125,1,1,1
88126,1,1,1
88134,1,1,1
88136,1,1,1
88137,1,1,1
88142,1,1,1
88143,1,1,1
88149,1,1,1
88153,1,1,1
88154,1,1,1
88157,1,1,1
88159,1,1,1
88163,1,1,1
88168,1,1,1
88169,1,1,1
88174,1,1,1
88177,1,1,1
88179,1,1,1
88185,1,1,1
88187,1,1,1
88189,1,1,1
88190,1,1,1
88203,1,1,1
88205,1,1,1
88207,1,1,1
88210,1,1,1
88211,1,1,1
88212,1,1,1
88214,1,1,1
88215,1,1,1
88216,1,1,1
88217,1,1,1
88221,1,1,1
88224,1,1,1
88225,1,1,1
88226,1,1,1
88227,1,1,1
88228,1,1,1
88232,1,1,1
88233,1,1,1
88235,1,1,1
88236,1,1,1
88237,1,1,1
88242,1,1,1
88243,1,1,1
88244,1,1,1
88246,1,1,1
88249,1,1,1
88251,1,1,1
88256,1,1,1
88257,1,1,1
88264,1,1,1
88266,1,1,1
88267,1,1,1
88270,1,1,1
88271,1,1,1
88272,1,1,1
88273,1,1,1
88274,1,1,1
88275,1,1,1
88276,1,1,1
88278,1,1,1
88279,1,1,1
88280,1,1,1
88281,1,1,1
88290,1,1,1
88292,1,1,1
88294,1,1,1
88297,1,1,1
88304,1,1,1
88311,1,1,1
88312,1,1,1
88314,1,1,1
88315,1,1,1
88316,1,1,1
88317,1,1,1
88321,1,1,1
88323,1,1,1
88327,1,1,1
88330,1,1,1
88334,1,1,1
88339,1,1,1
88341,1,1,1
88343,1,1,1
88345,1,1,1
88347,1,1,1
88348,1,1,1
88349,1,1,1
88352,1,1,1
88354,1,1,1
88359,1,1,1
88361,1,1,1
88362,1,1,1
88365,1,1,1
88368,1,1,1
88373,1,1,1
88374,1,1,1
88379,1,1,1
88382,1,1,1
88384,1,1,1
88389,1,1,1
88396,1,1,1
88397,1,1,1
88398,1,1,1
88399,1,1,1
88400,1,1,1
88401,1,1,1
88403,1,1,1
88404,1,1,1
88405,1,1,1
88409,1,1,1
88411,1,1,1
88415,1,1,1
88417,1,1,1
88422,1,1,1
88423,1,1,1
88426,1,1,1
88429,1,1,1
88430,1,1,1
88431,1,1,1
88432,1,1,1
88438,1,1,1
88439,1,1,1
88440,1,1,1
88442,1,1,1
88444,1,1,1
88446,1,1,1
88451,1,1,1
88454,1,1,1
88455,1,1,1
88459,1,1,1
88461,1,1,1
88462,1,1,1
88463,1,1,1
88464,1,1,1
88467,1,1,1
88469,1,1,1
88470,1,1,1
88472,1,1,1
88474,1,1,1
88475,1,1,1
88479,1,1,1
88483,1,1,1
88486,1,1,1
88487,1,1,1
88488,1,1,1
88489,1,1,1
88490,1,1,1
88497,1,1,1
88499,1,1,1
88504,1,1,1
88505,1,1,1
88508,1,1,1
88510,1,1,1
88511,1,1,1
88512,1,1,1
88513,1,1,1
88514,1,1,1
88525,1,1,1
88532,1,1,1
88534,1,1,1
88535,1,1,1
88538,1,1,1
88539,1,1,1
88540,1,1,1
88541,1,1,1
88552,1,1,1
88558,1,1,1
88561,1,1,1
88563,1,1,1
88572,1,1,1
88577,1,1,1
88578,1,1,1
88580,1,1,1
88588,1,1,1
88593,1,1,1
88610,1,1,1
88611,1,1,1
88625,1,1,1
88631,1,1,1
88638,1,1,1
88640,1,1,1
88642,1,1,1
88648,1,1,1
88652,1,1,1
88655,1,1,1
88662,1,1,1
88666,1,1,1
88667,1,1,1
88669,1,1,1
88674,1,1,1
88678,1,1,1
88689,1,1,1
88694,1,1,1
88696,1,1,1
88701,1,1,1
88709,1,1,1
88713,1,1,1
88724,1,1,1
88725,1,1,1
88726,1,1,1
88731,1,1,1
88738,1,1,1
88740,1,1,1
88741,1,1,1
88749,1,1,1
88754,1,1,1
88758,1,1,1
88761,1,1,1
88765,1,1,1
88767,1,1,1
88771,1,1,1
88844,1,1,1
88854,1,1,1
88858,1,1,1
88860,1,1,1
88862,1,1,1
88863,1,1,1
88871,1,1,1
88875,1,1,1
88885,1,1,1
88887,1,1,1
88889,1,1,1
88895,1,1,1
88900,1,1,1
88901,1,1,1
88908,1,1,1
88915,1,1,1
88954,1,1,1
88955,1,1,1
88956,1,1,1
88965,1,1,1
88971,1,1,1
88973,1,1,1
88978,1,1,1
88980,1,1,1
88981,1,1,1
88982,1,1,1
88984,1,1,1
88990,1,1,1
88992,1,1,1
89012,1,1,1
89017,1,1,1
89025,1,1,1
89114,1,1,1
89119,1,1,1
89128,1,1,1
89157,1,1,1
89165,1,1,1
89175,1,1,1
89218,1,1,1
89222,1,1,1
89225,1,1,1
89227,1,1,1
89229,1,1,1
89232,1,1,1
89236,1,1,1
89237,1,1,1
89241,1,1,1
89243,1,1,1
89250,1,1,1
89256,1,1,1
89260,1,1,1
89268,1,1,1
89271,1,1,1
89273,1,1,1
89276,1,1,1
89297,1,1,1
89300,1,1,1
89307,1,1,1
89310,1,1,1
89313,1,1,1
89319,1,1,1
89320,1,1,1
89324,1,1,1
89327,1,1,1
89369,1,1,1
89374,1,1,1
89376,1,1,1
89399,1,1,1
89402,1,1,1
89403,1,1,1
89404,1,1,1
89411,1,1,1
89413,1,1,1
89416,1,1,1
89421,1,1,1
89423,1,1,1
89432,1,1,1
89435,1,1,1
89441,1,1,1
89443,1,1,1
89444,1,1,1
89449,1,1,1
89450,1,1,1
89454,1,1,1
89459,1,1,1
89467,1,1,1
89469,1,1,1
89475,1,1,1
89476,1,1,1
89479,1,1,1
89482,1,1,1
89484,1,1,1
89486,1,1,1
89562,1,1,1
89573,1,1,1
89577,1,1,1
89578,1,1,1
89579,1,1,1
89585,1,1,1
89607,1,1,1
89608,1,1,1
89613,1,1,1
89618,1,1,1
89624,1,1,1
89627,1,1,1
89631,1,1,1
89632,1,1,1
89637,1,1,1
89640,1,1,1
89648,1,1,1
89651,1,1,1
89655,1,1,1
89656,1,1,1
89662,1,1,1
89667,1,1,1
89669,1,1,1
89670,1,1,1
89671,1,1,1
89672,1,1,1
89673,1,1,1
89674,1,1,1
89676,1,1,1
89680,1,1,1
89681,1,1,1
89683,1,1,1
89686,1,1,1
89689,1,1,1
89708,1,1,1
89710,1,1,1
89725,1,1,1
89726,1,1,1
89737,1,1,1
89748,1,1,1
89759,1,1,1
89761,1,1,1
89762,1,1,1
89766,1,1,1
89768,1,1,1
89770,1,1,1
89771,1,1,1
89772,1,1,1
89776,1,1,1
89777,1,1,1
89779,1,1,1
89780,1,1,1
89781,1,1,1
89785,1,1,1
89787,1,1,1
89791,1,1,1
89792,1,1,1
89793,1,1,1
89794,1,1,1
89799,1,1,1
89801,1,1,1
89802,1,1,1
89803,1,1,1
89804,1,1,1
89806,1,1,1
89807,1,1,1
89809,1,1,1
89811,1,1,1
89813,1,1,1
89817,1,1,1
89819,1,1,1
89822,1,1,1
89828,1,1,1
89829,1,1,1
89836,1,1,1
89846,1,1,1
89847,1,1,1
89852,1,1,1
89854,1,1,1
89861,1,1,1
89863,1,1,1
89867,1,1,1
89868,1,1,1
89869,1,1,1
89871,1,1,1
89873,1,1,1
89875,1,1,1
89877,1,1,1
89879,1,1,1
89882,1,1,1
89885,1,1,1
89888,1,1,1
89889,1,1,1
89890,1,1,1
89892,1,1,1
89894,1,1,1
89899,1,1,1
89900,1,1,1
89901,1,1,1
89903,1,1,1
89911,1,1,1
89913,1,1,1
89927,1,1,1
89929,1,1,1
89931,1,1,1
89937,1,1,1
89955,1,1,1
89958,1,1,1
89963,1,1,1
89966,1,1,1
89969,1,1,1
89981,1,1,1
89991,1,1,1
89996,1,1,1
89997,1,1,1
90002,1,1,1
90012,1,1,1
90013,1,1,1
90015,1,1,1
90018,1,1,1
90019,1,1,1
90025,1,1,1
90030,1,1,1
90031,1,1,1
90042,1,1,1
90049,1,1,1
90052,1,1,1
90053,1,1,1
90059,1,1,1
90062,1,1,1
90067,1,1,1
90070,1,1,1
90073,1,1,1
90078,1,1,1
90079,1,1,1
90101,1,1,1
90103,1,1,1
90118,1,1,1
90121,1,1,1
90123,1,1,1
90124,1,1,1
90128,1,1,1
90131,1,1,1
90132,1,1,1
90137,1,1,1
90139,1,1,1
90140,1,1,1
90145,1,1,1
90152,1,1,1
90154,1,1,1
90156,1,1,1
90157,1,1,1
90159,1,1,1
90163,1,1,1
90167,1,1,1
90181,1,1,1
90183,1,1,1
90192,1,1,1
90201,1,1,1
90202,1,1,1
90205,1,1,1
90211,1,1,1
90215,1,1,1
90216,1,1,1
90217,1,1,1
90218,1,1,1
90219,1,1,1
90230,1,1,1
90231,1,1,1
90235,1,1,1
90238,1,1,1
90246,1,1,1
90248,1,1,1
90254,1,1,1
90259,1,1,1
90260,1,1,1
90262,1,1,1
90264,1,1,1
90266,1,1,1
90271,1,1,1
90273,1,1,1
90275,1,1,1
90277,1,1,1
90278,1,1,1
90280,1,1,1
90282,1,1,1
90290,1,1,1
90291,1,1,1
90292,1,1,1
90295,1,1,1
90300,1,1,1
90301,1,1,1
90305,1,1,1
90307,1,1,1
90312,1,1,1
90313,1,1,1
90314,1,1,1
90315,1,1,1
90317,1,1,1
90318,1,1,1
90319,1,1,1
90320,1,1,1
90322,1,1,1
90325,1,1,1
90327,1,1,1
90328,1,1,1
90329,1,1,1
90330,1,1,1
90332,1,1,1
90333,1,1,1
90334,1,1,1
90336,1,1,1
90338,1,1,1
90350,1,1,1
90351,1,1,1
90357,1,1,1
90360,1,1,1
90363,1,1,1
90369,1,1,1
90370,1,1,1
90371,1,1,1
90373,1,1,1
90381,1,1,1
90382,1,1,1
90384,1,1,1
90388,1,1,1
90389,1,1,1
90390,1,1,1
90398,1,1,1
90402,1,1,1
90404,1,1,1
90407,1,1,1
90409,1,1,1
90410,1,1,1
90413,1,1,1
90414,1,1,1
90415,1,1,1
90424,1,1,1
90428,1,1,1
90429,1,1,1
90433,1,1,1
90436,1,1,1
90441,1,1,1
90444,1,1,1
90456,1,1,1
90461,1,1,1
90463,1,1,1
90475,1,1,1
90485,1,1,1
90488,1,1,1
90499,1,1,1
90502,1,1,1
90510,1,1,1
90513,1,1,1
90518,1,1,1
90519,1,1,1
90521,1,1,1
90530,1,1,1
90541,1,1,1
90544,1,1,1
90545,1,1,1
90547,1,1,1
90548,1,1,1
90558,1,1,1
90561,1,1,1
90563,1,1,1
90564,1,1,1
90566,1,1,1
90567,1,1,1
90569,1,1,1
90574,1,1,1
90575,1,1,1
90576,1,1,1
90578,1,1,1
90581,1,1,1
90586,1,1,1
90587,1,1,1
90590,1,1,1
90598,1,1,1
90601,1,1,1
90602,1,1,1
90606,1,1,1
90608,1,1,1
90615,1,1,1
90621,1,1,1
90628,1,1,1
90631,1,1,1
90637,1,1,1
90643,1,1,1
90644,1,1,1
90645,1,1,1
90647,1,1,1
90649,1,1,1
90650,1,1,1
90651,1,1,1
90652,1,1,1
90664,1,1,1
90666,1,1,1
90668,1,1,1
90670,1,1,1
90672,1,1,1
90677,1,1,1
90682,1,1,1
90683,1,1,1
90684,1,1,1
90687,1,1,1
90689,1,1,1
90691,1,1,1
90693,1,1,1
90694,1,1,1
90695,1,1,1
90702,1,1,1
90704,1,1,1
90706,1,1,1
90715,1,1,1
90717,1,1,1
90721,1,1,1
90723,1,1,1
90724,1,1,1
90730,1,1,1
90731,1,1,1
90734,1,1,1
90735,1,1,1
90739,1,1,1
90740,1,1,1
90742,1,1,1
90743,1,1,1
90746,1,1,1
90749,1,1,1
90750,1,1,1
90752,1,1,1
90753,1,1,1
90756,1,1,1
90758,1,1,1
90759,1,1,1
90762,1,1,1
90763,1,1,1
90794,1,1,1
90797,1,1,1
90798,1,1,1
90800,1,1,1
90801,1,1,1
90803,1,1,1
90804,1,1,1
90805,1,1,1
90807,1,1,1
90815,1,1,1
90852,1,1,1
90853,1,1,1
90854,1,1,1
90856,1,1,1
90860,1,1,1
90861,1,1,1
90862,1,1,1
90863,1,1,1
90865,1,1,1
90866,1,1,1
90867,1,1,1
90870,1,1,1
90873,1,1,1
90875,1,1,1
90877,1,1,1
90882,1,1,1
90883,1,1,1
90887,1,1,1
90888,1,1,1
90889,1,1,1
90892,1,1,1
90893,1,1,1
90896,1,1,1
90897,1,1,1
90903,1,1,1
150866,1,1,1
150881,1,1,1
150926,1,1,1
150991,1,1,1
151001,1,1,1
151011,1,1,1
151016,1,1,1
151021,1,1,1
151026,1,1,1
151041,1,1,1
151046,1,1,1
151051,1,1,1
151056,1,1,1
151076,1,1,1
151086,1,1,1
151091,1,1,1
151096,1,1,1
151101,1,1,1
151121,1,1,1
151131,1,1,1
151146,1,1,1
151156,1,1,1
151161,1,1,1
151176,1,1,1
151181,1,1,1
151186,1,1,1
151201,1,1,1
151206,1,1,1
151211,1,1,1
151241,1,1,1
151251,1,1,1
151256,1,1,1
151261,1,1,1
151281,1,1,1
151296,1,1,1
151306,1,1,1
151321,1,1,1
151326,1,1,1
151336,1,1,1
151341,1,1,1
151356,1,1,1
151371,1,1,1
151406,1,1,1
151431,1,1,1
151436,1,1,1
151456,1,1,1
151466,1,1,1
151481,1,1,1
151496,1,1,1
151506,1,1,1
151511,1,1,1
151536,1,1,1
151541,1,1,1
151546,1,1,1
151556,1,1,1
151586,1,1,1
151621,1,1,1
151656,1,1,1
151676,1,1,1
151691,1,1,1
151786,1,1,1
151801,1,1,1
151836,1,1,1
151901,1,1,1
151941,1,1,1
151951,1,1,1
151956,1,1,1
152026,1,1,1
152031,1,1,1
152061,1,1,1
152071,1,1,1
152076,1,1,1
152091,1,1,1
152096,1,1,1
152161,1,1,1
152166,1,1,1
152171,1,1,1
152186,1,1,1
152201,1,1,1
152236,1,1,1
152262,1,1,1
152271,1,1,1
152301,1,1,1
152321,1,1,1
152336,1,1,1
152356,1,1,1
152381,1,1,1
152426,1,1,1
152471,1,1,1
152511,1,1,1
152516,1,1,1
152521,1,1,1
152586,1,1,1
152596,1,1,1
152601,1,1,1
152656,1,1,1
152701,1,1,1
152716,1,1,1
152726,1,1,1
152751,1,1,1
152766,1,1,1
152771,1,1,1
152781,1,1,1
152786,1,1,1
152811,1,1,1
152851,1,1,1
152866,1,1,1
152871,1,1,1
152881,1,1,1
152886,1,1,1
152906,1,1,1
152911,1,1,1
152931,1,1,1
152936,1,1,1
152941,1,1,1
152956,1,1,1
152961,1,1,1
152966,1,1,1
152971,1,1,1
152986,1,1,1
152991,1,1,1
152996,1,1,1
153001,1,1,1
153026,1,1,1
153076,1,1,1
153101,1,1,1
153106,1,1,1
153116,1,1,1
153141,1,1,1
153191,1,1,1
153201,1,1,1
153206,1,1,1
153211,1,1,1
153236,1,1,1
153256,1,1,1
153261,1,1,1
153266,1,1,1
153271,1,1,1
153276,1,1,1
153281,1,1,1
153296,1,1,1
153301,1,1,1
153306,1,1,1
153316,1,1,1
153321,1,1,1
153326,1,1,1
153351,1,1,1
153366,1,1,1
153371,1,1,1
153381,1,1,1
153396,1,1,1
153406,1,1,1
153411,1,1,1
153441,1,1,1
153451,1,1,1
153461,1,1,1
153466,1,1,1
153471,1,1,1
153476,1,1,1
153481,1,1,1
153486,1,1,1
153491,1,1,1
153501,1,1,1
153516,1,1,1
153521,1,1,1
153531,1,1,1
153541,1,1,1
153551,1,1,1
153556,1,1,1
153576,1,1,1
153591,1,1,1
153601,1,1,1
153631,1,1,1
153646,1,1,1
153666,1,1,1
153671,1,1,1
153676,1,1,1
153696,1,1,1
153701,1,1,1
153756,1,1,1
153761,1,1,1
153776,1,1,1
153806,1,1,1
153811,1,1,1
153816,1,1,1
153821,1,1,1
153886,1,1,1
153901,1,1,1
153906,1,1,1
153921,1,1,1
153941,1,1,1
153961,1,1,1
153971,1,1,1
153986,1,1,1
153991,1,1,1
154021,1,1,1
154036,1,1,1
154071,1,1,1
154076,1,1,1
154081,1,1,1
154166,1,1,1
154181,1,1,1
154186,1,1,1
154196,1,1,1
154211,1,1,1
154236,1,1,1
154251,1,1,1
154271,1,1,1
154286,1,1,1
154306,1,1,1
154341,1,1,1
154346,1,1,1
154356,1,1,1
154361,1,1,1
154381,1,1,1
154386,1,1,1
154416,1,1,1
154421,1,1,1
154426,1,1,1
154441,1,1,1
154446,1,1,1
154456,1,1,1
154471,1,1,1
154481,1,1,1
154511,1,1,1
154526,1,1,1
154561,1,1,1
154566,1,1,1
154571,1,1,1
154576,1,1,1
154596,1,1,1
154606,1,1,1
154636,1,1,1
154641,1,1,1
154661,1,1,1
154666,1,1,1
154686,1,1,1
154716,1,1,1
154721,1,1,1
154726,1,1,1
154751,1,1,1
154756,1,1,1
154766,1,1,1
154786,1,1,1
154821,1,1,1
154836,1,1,1
154846,1,1,1
154851,1,1,1
154876,1,1,1
154881,1,1,1
154896,1,1,1
154901,1,1,1
154906,1,1,1
154916,1,1,1
154931,1,1,1
154956,1,1,1
154971,1,1,1
155041,1,1,1
155071,1,1,1
155086,1,1,1
155091,1,1,1
155096,1,1,1
155126,1,1,1
155131,1,1,1
155136,1,1,1
155151,1,1,1
155156,1,1,1
155161,1,1,1
155166,1,1,1
155186,1,1,1
155196,1,1,1
155201,1,1,1
155226,1,1,1
155241,1,1,1
155246,1,1,1
155251,1,1,1
155256,1,1,1
155276,1,1,1
155281,1,1,1
155286,1,1,1
155301,1,1,1
155331,1,1,1
155336,1,1,1
155351,1,1,1
155361,1,1,1
155391,1,1,1
155426,1,1,1
155431,1,1,1
155436,1,1,1
155446,1,1,1
155456,1,1,1
155461,1,1,1
155471,1,1,1
155501,1,1,1
155506,1,1,1
155526,1,1,1
155551,1,1,1
155561,1,1,1
155571,1,1,1
155581,1,1,1
155586,1,1,1
155596,1,1,1
155606,1,1,1
155616,1,1,1
155621,1,1,1
155631,1,1,1
155641,1,1,1
155661,1,1,1
155676,1,1,1
155681,1,1,1
155691,1,1,1
155701,1,1,1
155706,1,1,1
155716,1,1,1
155726,1,1,1
155736,1,1,1
155746,1,1,1
155756,1,1,1
155761,1,1,1
155786,1,1,1
155791,1,1,1
155811,1,1,1
155816,1,1,1
155826,1,1,1
155851,1,1,1
155876,1,1,1
155891,1,1,1
155901,1,1,1
155906,1,1,1
155926,1,1,1
155931,1,1,1
155941,1,1,1
155946,1,1,1
155951,1,1,1
155956,1,1,1
155966,1,1,1
155986,1,1,1
155991,1,1,1
156011,1,1,1
156036,1,1,1
156046,1,1,1
156061,1,1,1
156101,1,1,1
156111,1,1,1
156121,1,1,1
156126,1,1,1
156136,1,1,1
156146,1,1,1
156156,1,1,1
156171,1,1,1
156181,1,1,1
156191,1,1,1
156196,1,1,1
156211,1,1,1
156216,1,1,1
156221,1,1,1
156226,1,1,1
156236,1,1,1
156246,1,1,1
156261,1,1,1
156286,1,1,1
156301,1,1,1
156321,1,1,1
156331,1,1,1
156346,1,1,1
156351,1,1,1
156361,1,1,1
156371,1,1,1
156381,1,1,1
156446,1,1,1
156466,1,1,1
156476,1,1,1
156491,1,1,1
156496,1,1,1
156516,1,1,1
156521,1,1,1
156536,1,1,1
156541,1,1,1
156551,1,1,1
156571,1,1,1
156581,1,1,1
156586,1,1,1
156591,1,1,1
156601,1,1,1
156611,1,1,1
156646,1,1,1
156671,1,1,1
156676,1,1,1
156681,1,1,1
156686,1,1,1
156691,1,1,1
156721,1,1,1
156731,1,1,1
156741,1,1,1
156791,1,1,1
156801,1,1,1
156806,1,1,1
156811,1,1,1
156851,1,1,1
156866,1,1,1
156896,1,1,1
156916,1,1,1
156921,1,1,1
156926,1,1,1
156936,1,1,1
156941,1,1,1
156946,1,1,1
156961,1,1,1
156966,1,1,1
157006,1,1,1
157016,1,1,1
157026,1,1,1
157031,1,1,1
157041,1,1,1
157066,1,1,1
157086,1,1,1
157121,1,1,1
157126,1,1,1
157161,1,1,1
157166,1,1,1
157186,1,1,1
157191,1,1,1
157196,1,1,1
157211,1,1,1
157226,1,1,1
157236,1,1,1
157246,1,1,1
157271,1,1,1
157286,1,1,1
157301,1,1,1
157341,1,1,1
157346,1,1,1
157371,1,1,1
157386,1,1,1
157391,1,1,1
157396,1,1,1
157401,1,1,1
157406,1,1,1
157421,1,1,1
157436,1,1,1
157466,1,1,1
157476,1,1,1
157481,1,1,1
157486,1,1,1
157491,1,1,1
157511,1,1,1
157516,1,1,1
157521,1,1,1
157526,1,1,1
157551,1,1,1
157561,1,1,1
157581,1,1,1
157611,1,1,1
157616,1,1,1
157621,1,1,1
157636,1,1,1
157646,1,1,1
157671,1,1,1
157686,1,1,1
157706,1,1,1
157721,1,1,1
157761,1,1,1
157776,1,1,1
157781,1,1,1
157821,1,1,1
157841,1,1,1
157856,1,1,1
157866,1,1,1
157871,1,1,1
157881,1,1,1
157886,1,1,1
157921,1,1,1
157926,1,1,1
157941,1,1,1
157946,1,1,1
157951,1,1,1
157966,1,1,1
157976,1,1,1
157981,1,1,1
157986,1,1,1
158006,1,1,1
158011,1,1,1
158026,1,1,1
158036,1,1,1
158041,1,1,1
158051,1,1,1
158056,1,1,1
158076,1,1,1
158081,1,1,1
158106,1,1,1
158116,1,1,1
158121,1,1,1
158126,1,1,1
158151,1,1,1
158156,1,1,1
158161,1,1,1
158166,1,1,1
158196,1,1,1
158201,1,1,1
158211,1,1,1
158216,1,1,1
158246,1,1,1
158271,1,1,1
158276,1,1,1
158286,1,1,1
158291,1,1,1
158296,1,1,1
158301,1,1,1
158306,1,1,1
158331,1,1,1
158371,1,1,1
158411,1,1,1
158421,1,1,1
158426,1,1,1
158431,1,1,1
158441,1,1,1
158451,1,1,1
158456,1,1,1
158471,1,1,1
158491,1,1,1
158506,1,1,1
158521,1,1,1
158556,1,1,1
158561,1,1,1
158571,1,1,1
158576,1,1,1
158591,1,1,1
158596,1,1,1
158606,1,1,1
158631,1,1,1
158636,1,1,1
158641,1,1,1
158671,1,1,1
158696,1,1,1
158716,1,1,1
158726,1,1,1
158741,1,1,1
158761,1,1,1
158796,1,1,1
158811,1,1,1
158826,1,1,1
158841,1,1,1
158846,1,1,1
158851,1,1,1
158901,1,1,1
158911,1,1,1
158926,1,1,1
158931,1,1,1
158951,1,1,1
158956,1,1,1
158981,1,1,1
158991,1,1,1
159006,1,1,1
159026,1,1,1
159031,1,1,1
159036,1,1,1
159046,1,1,1
159051,1,1,1
159061,1,1,1
159081,1,1,1
159091,1,1,1
159131,1,1,1
159136,1,1,1
159161,1,1,1
159216,1,1,1
159226,1,1,1
159241,1,1,1
159256,1,1,1
159271,1,1,1
159281,1,1,1
159301,1,1,1
159321,1,1,1
159341,1,1,1
159356,1,1,1
159366,1,1,1
159376,1,1,1
159381,1,1,1
159396,1,1,1
159401,1,1,1
159416,1,1,1
159431,1,1,1
159446,1,1,1
159451,1,1,1
159456,1,1,1
159496,1,1,1
159501,1,1,1
159506,1,1,1
159511,1,1,1
159546,1,1,1
159551,1,1,1
159556,1,1,1
159571,1,1,1
159596,1,1,1
159616,1,1,1
159626,1,1,1
159631,1,1,1
159641,1,1,1
159646,1,1,1
159666,1,1,1
159671,1,1,1
159686,1,1,1
159691,1,1,1
159696,1,1,1
159706,1,1,1
159726,1,1,1
159741,1,1,1
159756,1,1,1
159761,1,1,1
159771,1,1,1
159786,1,1,1
159806,1,1,1
159816,1,1,1
159831,1,1,1
159841,1,1,1
159851,1,1,1
159856,1,1,1
159866,1,1,1
159881,1,1,1
159891,1,1,1
159911,1,1,1
159921,1,1,1
159931,1,1,1
159941,1,1,1
159946,1,1,1
159961,1,1,1
159976,1,1,1
160006,1,1,1
160036,1,1,1
160041,1,1,1
160046,1,1,1
160056,1,1,1
160091,1,1,1
160111,1,1,1
160121,1,1,1
160126,1,1,1
160136,1,1,1
160146,1,1,1
160166,1,1,1
160171,1,1,1
160181,1,1,1
160191,1,1,1
160201,1,1,1
160206,1,1,1
160226,1,1,1
160231,1,1,1
160236,1,1,1
160246,1,1,1
160266,1,1,1
160271,1,1,1
160276,1,1,1
160286,1,1,1
160306,1,1,1
160316,1,1,1
160341,1,1,1
160346,1,1,1
160351,1,1,1
160356,1,1,1
160376,1,1,1
160381,1,1,1
160391,1,1,1
160416,1,1,1
160426,1,1,1
160431,1,1,1
160446,1,1,1
160451,1,1,1
160471,1,1,1
160496,1,1,1
160516,1,1,1
160531,1,1,1
160566,1,1,1
160586,1,1,1
160596,1,1,1
160616,1,1,1
160671,1,1,1
160696,1,1,1
160716,1,1,1
160731,1,1,1
160761,1,1,1
160766,1,1,1
160791,1,1,1
160801,1,1,1
160811,1,1,1
160816,1,1,1
160866,1,1,1
160881,1,1,1
160941,1,1,1
160951,1,1,1
160956,1,1,1
160961,1,1,1
160966,1,1,1
160981,1,1,1
160986,1,1,1
160991,1,1,1
160996,1,1,1
161016,1,1,1
161021,1,1,1
161056,1,1,1
161066,1,1,1
161071,1,1,1
161086,1,1,1
161091,1,1,1
161096,1,1,1
161111,1,1,1
161116,1,1,1
161131,1,1,1
161141,1,1,1
161146,1,1,1
161191,1,1,1
161201,1,1,1
161206,1,1,1
161216,1,1,1
161221,1,1,1
161231,1,1,1
161236,1,1,1
161241,1,1,1
161266,1,1,1
161271,1,1,1
161296,1,1,1
161316,1,1,1
161321,1,1,1
161346,1,1,1
161351,1,1,1
161361,1,1,1
161366,1,1,1
161411,1,1,1
161416,1,1,1
161421,1,1,1
161426,1,1,1
161431,1,1,1
161461,1,1,1
161476,1,1,1
161481,1,1,1
161486,1,1,1
161496,1,1,1
161501,1,1,1
161516,1,1,1
161521,1,1,1
161536,1,1,1
161546,1,1,1
161551,1,1,1
161556,1,1,1
161561,1,1,1
161581,1,1,1
161591,1,1,1
161596,1,1,1
161601,1,1,1
161606,1,1,1
161621,1,1,1
161631,1,1,1
161636,1,1,1
161651,1,1,1
161656,1,1,1
161661,1,1,1
161671,1,1,1
161681,1,1,1
161686,1,1,1
161736,1,1,1
161746,1,1,1
161751,1,1,1
161761,1,1,1
161781,1,1,1
161786,1,1,1
161791,1,1,1
161801,1,1,1
161831,1,1,1
161841,1,1,1
161866,1,1,1
161871,1,1,1
161886,1,1,1
161891,1,1,1
161901,1,1,1
161921,1,1,1
161926,1,1,1
161951,1,1,1
161956,1,1,1
161971,1,1,1
162026,1,1,1
162031,1,1,1
162046,1,1,1
162051,1,1,1
162056,1,1,1
162081,1,1,1
162086,1,1,1
162091,1,1,1
162106,1,1,1
162121,1,1,1
162126,1,1,1
162146,1,1,1
162151,1,1,1
162156,1,1,1
162161,1,1,1
162166,1,1,1
162181,1,1,1
162186,1,1,1
162221,1,1,1
162241,1,1,1
162251,1,1,1
162261,1,1,1
162276,1,1,1
162296,1,1,1
162311,1,1,1
162346,1,1,1
162361,1,1,1
162366,1,1,1
162381,1,1,1
162401,1,1,1
162406,1,1,1
162416,1,1,1
162436,1,1,1
162451,1,1,1
162456,1,1,1
162466,1,1,1
162501,1,1,1
162506,1,1,1
162526,1,1,1
162556,1,1,1
162576,1,1,1
162586,1,1,1
162591,1,1,1
162606,1,1,1
162621,1,1,1
162636,1,1,1
162661,1,1,1
162696,1,1,1
162701,1,1,1
162711,1,1,1
162721,1,1,1
162741,1,1,1
162756,1,1,1
162761,1,1,1
162776,1,1,1
162806,1,1,1
162811,1,1,1
162816,1,1,1
162821,1,1,1
162826,1,1,1
162856,1,1,1
162871,1,1,1
162881,1,1,1
162886,1,1,1
162901,1,1,1
162906,1,1,1
162916,1,1,1
162941,1,1,1
162946,1,1,1
162951,1,1,1
162971,1,1,1
162986,1,1,1
162991,1,1,1
163001,1,1,1
163016,1,1,1
163026,1,1,1
163036,1,1,1
163041,1,1,1
163051,1,1,1
163066,1,1,1
163076,1,1,1
163091,1,1,1
163101,1,1,1
163111,1,1,1
163116,1,1,1
163131,1,1,1
163141,1,1,1
163161,1,1,1
163181,1,1,1
163191,1,1,1
163206,1,1,1
163226,1,1,1
163301,1,1,1
163311,1,1,1
163316,1,1,1
163321,1,1,1
163356,1,1,1
163366,1,1,1
163381,1,1,1
163386,1,1,1
163401,1,1,1
163426,1,1,1
163436,1,1,1
163446,1,1,1
163457,1,1,1
163461,1,1,1
163466,1,1,1
163476,1,1,1
163491,1,1,1
163501,1,1,1
163511,1,1,1
163526,1,1,1
163531,1,1,1
163541,1,1,1
163561,1,1,1
163571,1,1,1
163581,1,1,1
163586,1,1,1
163596,1,1,1
163626,1,1,1
163636,1,1,1
163641,1,1,1
163646,1,1,1
163661,1,1,1
163681,1,1,1
163701,1,1,1
163706,1,1,1
163716,1,1,1
163721,1,1,1
163736,1,1,1
163751,1,1,1
163771,1,1,1
163796,1,1,1
163801,1,1,1
163811,1,1,1
163831,1,1,1
163846,1,1,1
163851,1,1,1
163856,1,1,1
163876,1,1,1
163886,1,1,1
163901,1,1,1
163906,1,1,1
163926,1,1,1
163941,1,1,1
163946,1,1,1
163951,1,1,1
163961,1,1,1
163966,1,1,1
163976,1,1,1
163991,1,1,1
163996,1,1,1
164011,1,1,1
164021,1,1,1
164026,1,1,1
164031,1,1,1
164081,1,1,1
164086,1,1,1
164091,1,1,1
164106,1,1,1
164121,1,1,1
164126,1,1,1
164131,1,1,1
164141,1,1,1
164171,1,1,1
164176,1,1,1
164191,1,1,1
164196,1,1,1
164201,1,1,1
164231,1,1,1
164276,1,1,1
164286,1,1,1
164296,1,1,1
164301,1,1,1
164306,1,1,1
164326,1,1,1
164331,1,1,1
164346,1,1,1
164356,1,1,1
164371,1,1,1
164381,1,1,1
164426,1,1,1
164431,1,1,1
164436,1,1,1
164441,1,1,1
164446,1,1,1
164451,1,1,1
164456,1,1,1
164476,1,1,1
164501,1,1,1
164511,1,1,1
164526,1,1,1
164541,1,1,1
164601,1,1,1
164606,1,1,1
164641,1,1,1
164656,1,1,1
164691,1,1,1
164701,1,1,1
164706,1,1,1
164711,1,1,1
164736,1,1,1
164746,1,1,1
164756,1,1,1
164771,1,1,1
164776,1,1,1
164781,1,1,1
164786,1,1,1
164791,1,1,1
164826,1,1,1
164831,1,1,1
164836,1,1,1
164846,1,1,1
164861,1,1,1
164866,1,1,1
164881,1,1,1
164906,1,1,1
164926,1,1,1
164936,1,1,1
164941,1,1,1
164946,1,1,1
164951,1,1,1
164966,1,1,1
164991,1,1,1
165001,1,1,1
165011,1,1,1
165016,1,1,1
165051,1,1,1
165056,1,1,1
165066,1,1,1
165076,1,1,1
165081,1,1,1
165086,1,1,1
165131,1,1,1
165136,1,1,1
165141,1,1,1
165146,1,1,1
165156,1,1,1
165171,1,1,1
165176,1,1,1
165186,1,1,1
165187,1,1,1
165206,1,1,1
165226,1,1,1
165266,1,1,1
165291,1,1,1
165316,1,1,1
165341,1,1,1
165346,1,1,1
165351,1,1,1
165361,1,1,1
165381,1,1,1
165386,1,1,1
165391,1,1,1
165396,1,1,1
165831,1,1,1
165851,1,1,1
165866,1,1,1
165886,1,1,1
165901,1,1,1
165916,1,1,1
165956,1,1,1
165961,1,1,1
165976,1,1,1
165981,1,1,1
166011,1,1,1
166016,1,1,1
166021,1,1,1
166026,1,1,1
166031,1,1,1
166046,1,1,1
166051,1,1,1
166066,1,1,1
166076,1,1,1
166091,1,1,1
166096,1,1,1
166146,1,1,1
166161,1,1,1
166171,1,1,1
166176,1,1,1
166181,1,1,1
166191,1,1,1
166196,1,1,1
166201,1,1,1
166216,1,1,1
166236,1,1,1
166241,1,1,1
166246,1,1,1
166256,1,1,1
166261,1,1,1
166266,1,1,1
166271,1,1,1
166291,1,1,1
166306,1,1,1
166316,1,1,1
166321,1,1,1
166346,1,1,1
166351,1,1,1
166361,1,1,1
166376,1,1,1
166386,1,1,1
166391,1,1,1
166421,1,1,1
166451,1,1,1
166461,1,1,1
166471,1,1,1
166496,1,1,1
166516,1,1,1
166521,1,1,1
166541,1,1,1
166561,1,1,1
166571,1,1,1
166586,1,1,1
166601,1,1,1
166611,1,1,1
166631,1,1,1
166671,1,1,1
166676,1,1,1
166701,1,1,1
166706,1,1,1
166721,1,1,1
166726,1,1,1
166736,1,1,1
166746,1,1,1
166751,1,1,1
166771,1,1,1
166791,1,1,1
166796,1,1,1
166816,1,1,1
166826,1,1,1
166831,1,1,1
166881,1,1,1
166886,1,1,1
166901,1,1,1
166906,1,1,1
166916,1,1,1
166931,1,1,1
166971,1,1,1
166991,1,1,1
167016,1,1,1
167021,1,1,1
167066,1,1,1
167071,1,1,1
167086,1,1,1
167096,1,1,1
167116,1,1,1
167136,1,1,1
167156,1,1,1
167166,1,1,1
167171,1,1,1
167186,1,1,1
167201,1,1,1
167221,1,1,1
167226,1,1,1
167246,1,1,1
167251,1,1,1
167261,1,1,1
167266,1,1,1
167336,1,1,1
167351,1,1,1
167366,1,1,1
167391,1,1,1
167401,1,1,1
167406,1,1,1
167421,1,1,1
167446,1,1,1
167456,1,1,1
167466,1,1,1
167481,1,1,1
167506,1,1,1
167516,1,1,1
167581,1,1,1
167586,1,1,1
167591,1,1,1
167601,1,1,1
167606,1,1,1
167641,1,1,1
167656,1,1,1
167661,1,1,1
167671,1,1,1
167681,1,1,1
167691,1,1,1
167701,1,1,1
167721,1,1,1
167801,1,1,1
167816,1,1,1
167836,1,1,1
167901,1,1,1
167911,1,1,1
167926,1,1,1
167936,1,1,1
167941,1,1,1
167956,1,1,1
167976,1,1,1
167986,1,1,1
167991,1,1,1
167996,1,1,1
168116,1,1,1
168141,1,1,1
168146,1,1,1
168156,1,1,1
168161,1,1,1
168171,1,1,1
168231,1,1,1
168256,1,1,1
168586,1,1,1
168656,1,1,1
168659,1,1,1
168706,1,1,1
168716,1,1,1
168721,1,1,1
168731,1,1,1
168741,1,1,1
168746,1,1,1
168756,1,1,1
168766,1,1,1
168811,1,1,1
168816,1,1,1
168826,1,1,1
168846,1,1,1
168851,1,1,1
168866,1,1,1
168871,1,1,1
168876,1,1,1
168911,1,1,1
168921,1,1,1
168931,1,1,1
168941,1,1,1
168961,1,1,1
168966,1,1,1
168971,1,1,1
168996,1,1,1
169011,1,1,1
169021,1,1,1
169041,1,1,1
169046,1,1,1
169061,1,1,1
169076,1,1,1
169121,1,1,1
169126,1,1,1
169131,1,1,1
169151,1,1,1
169156,1,1,1
169161,1,1,1
169166,1,1,1
169181,1,1,1
169206,1,1,1
169211,1,1,1
169216,1,1,1
169231,1,1,1
169246,1,1,1
169256,1,1,1
169296,1,1,1
169306,1,1,1
169326,1,1,1
169336,1,1,1
169341,1,1,1
169351,1,1,1
169356,1,1,1
169381,1,1,1
169386,1,1,1
169421,1,1,1
169426,1,1,1
169431,1,1,1
169441,1,1,1
169446,1,1,1
169451,1,1,1
169461,1,1,1
169476,1,1,1
169486,1,1,1
169491,1,1,1
169496,1,1,1
169501,1,1,1
169506,1,1,1
169551,1,1,1
169556,1,1,1
169566,1,1,1
169571,1,1,1
169576,1,1,1
169581,1,1,1
169586,1,1,1
169596,1,1,1
169616,1,1,1
169626,1,1,1
169661,1,1,1
169666,1,1,1
169676,1,1,1
169681,1,1,1
169691,1,1,1
169706,1,1,1
169711,1,1,1
169716,1,1,1
169726,1,1,1
169741,1,1,1
169761,1,1,1
169766,1,1,1
169776,1,1,1
169786,1,1,1
169811,1,1,1
169816,1,1,1
169821,1,1,1
169826,1,1,1
169841,1,1,1
169851,1,1,1
169861,1,1,1
169881,1,1,1
169906,1,1,1
169911,1,1,1
169916,1,1,1
169921,1,1,1
169926,1,1,1
169946,1,1,1
169971,1,1,1
169976,1,1,1
169991,1,1,1
169996,1,1,1
170056,1,1,1
170066,1,1,1
170071,1,1,1
170091,1,1,1
170101,1,1,1
170106,1,1,1
170111,1,1,1
170116,1,1,1
170126,1,1,1
170141,1,1,1
170146,1,1,1
170151,1,1,1
170156,1,1,1
170171,1,1,1
170181,1,1,1
170196,1,1,1
170211,1,1,1
170216,1,1,1
170221,1,1,1
170226,1,1,1
170236,1,1,1
170246,1,1,1
170256,1,1,1
170291,1,1,1
170321,1,1,1
170326,1,1,1
170331,1,1,1
170336,1,1,1
170351,1,1,1
170356,1,1,1
170366,1,1,1
170376,1,1,1
170386,1,1,1
170391,1,1,1
170401,1,1,1
170411,1,1,1
170456,1,1,1
170461,1,1,1
170466,1,1,1
170471,1,1,1
170486,1,1,1
170491,1,1,1
170496,1,1,1
170511,1,1,1
170516,1,1,1
170521,1,1,1
170526,1,1,1
170531,1,1,1
170541,1,1,1
170606,1,1,1
170611,1,1,1
170616,1,1,1
170626,1,1,1
170706,1,1,1
170711,1,1,1
170731,1,1,1
170741,1,1,1
170771,1,1,1
170796,1,1,1
170811,1,1,1
170826,1,1,1
170841,1,1,1
170856,1,1,1
170866,1,1,1
170871,1,1,1
170896,1,1,1
170906,1,1,1
170911,1,1,1
170966,1,1,1
171001,1,1,1
171006,1,1,1
171011,1,1,1
171046,1,1,1
171051,1,1,1
171056,1,1,1
171071,1,1,1
171081,1,1,1
171091,1,1,1
171106,1,1,1
171131,1,1,1
171141,1,1,1
171156,1,1,1
171191,1,1,1
171206,1,1,1
171211,1,1,1
171216,1,1,1
171221,1,1,1
171226,1,1,1
171246,1,1,1
171271,1,1,1
171321,1,1,1
171331,1,1,1
171356,1,1,1
171411,1,1,1
171416,1,1,1
171421,1,1,1
171436,1,1,1
171451,1,1,1
171456,1,1,1
171461,1,1,1
171476,1,1,1
171486,1,1,1
171491,1,1,1
171516,1,1,1
171521,1,1,1
171526,1,1,1
171531,1,1,1
171536,1,1,1
171551,1,1,1
171561,1,1,1
171576,1,1,1
171581,1,1,1
171586,1,1,1
171591,1,1,1
171611,1,1,1
171616,1,1,1
171631,1,1,1
171646,1,1,1
171661,1,1,1
171671,1,1,1
171676,1,1,1
171681,1,1,1
171691,1,1,1
171696,1,1,1
171701,1,1,1
171706,1,1,1
171716,1,1,1
171741,1,1,1
171746,1,1,1
171751,1,1,1
171796,1,1,1
171821,1,1,1
171826,1,1,1
171866,1,1,1
171891,1,1,1
171951,1,1,1
171971,1,1,1
172021,1,1,1
172046,1,1,1
172056,1,1,1
172091,1,1,1
172096,1,1,1
172156,1,1,1
172171,1,1,1
172186,1,1,1
172191,1,1,1
172196,1,1,1
172206,1,1,1
172211,1,1,1
172256,1,1,1
172276,1,1,1
172291,1,1,1
172301,1,1,1
172311,1,1,1
172321,1,1,1
172331,1,1,1
172336,1,1,1
172366,1,1,1
172376,1,1,1
172381,1,1,1
172416,1,1,1
172446,1,1,1
172456,1,1,1
172466,1,1,1
172491,1,1,1
172501,1,1,1
172506,1,1,1
172516,1,1,1
172541,1,1,1
172546,1,1,1
172556,1,1,1
172561,1,1,1
172566,1,1,1
172626,1,1,1
172636,1,1,1
172641,1,1,1
172646,1,1,1
172686,1,1,1
172741,1,1,1
172751,1,1,1
172756,1,1,1
172761,1,1,1
172766,1,1,1
172816,1,1,1
172821,1,1,1
172836,1,1,1
172841,1,1,1
172851,1,1,1
172856,1,1,1
172866,1,1,1
172871,1,1,1
172876,1,1,1
172881,1,1,1
172911,1,1,1
172966,1,1,1
172986,1,1,1
173016,1,1,1
173031,1,1,1
173036,1,1,1
173046,1,1,1
173051,1,1,1
173061,1,1,1
173086,1,1,1
173091,1,1,1
173101,1,1,1
173116,1,1,1
173121,1,1,1
173136,1,1,1
173141,1,1,1
173161,1,1,1
173171,1,1,1
173181,1,1,1
173206,1,1,1
173211,1,1,1
173216,1,1,1
173226,1,1,1
173236,1,1,1
173246,1,1,1
173251,1,1,1
173256,1,1,1
173261,1,1,1
173286,1,1,1
173291,1,1,1
173311,1,1,1
173326,1,1,1
173331,1,1,1
173341,1,1,1
173361,1,1,1
173371,1,1,1
173381,1,1,1
173406,1,1,1
173416,1,1,1
173421,1,1,1
173431,1,1,1
173436,1,1,1
173451,1,1,1
173461,1,1,1
173476,1,1,1
173481,1,1,1
173516,1,1,1
173526,1,1,1
173561,1,1,1
173571,1,1,1
173801,1,1,1
173811,1,1,1
173836,1,1,1
173896,1,1,1
173906,1,1,1
173961,1,1,1
173971,1,1,1
173981,1,1,1
173991,1,1,1
174001,1,1,1
174006,1,1,1
174036,1,1,1
174046,1,1,1
174056,1,1,1
174071,1,1,1
174081,1,1,1
174106,1,1,1
174116,1,1,1
174121,1,1,1
174146,1,1,1
174156,1,1,1
174176,1,1,1
174181,1,1,1
174201,1,1,1
174211,1,1,1
174236,1,1,1
174251,1,1,1
174271,1,1,1
174336,1,1,1
174346,1,1,1
174381,1,1,1
174386,1,1,1
174391,1,1,1
174416,1,1,1
174436,1,1,1
174441,1,1,1
174446,1,1,1
174461,1,1,1
174486,1,1,1
174511,1,1,1
174526,1,1,1
174541,1,1,1
174546,1,1,1
174571,1,1,1
174581,1,1,1
174596,1,1,1
174636,1,1,1
174641,1,1,1
174651,1,1,1
174661,1,1,1
174676,1,1,1
174691,1,1,1
174696,1,1,1
174711,1,1,1
174731,1,1,1
174736,1,1,1
174756,1,1,1
174761,1,1,1
174766,1,1,1
174781,1,1,1
174816,1,1,1
174826,1,1,1
174871,1,1,1
174881,1,1,1
174926,1,1,1
174936,1,1,1
174956,1,1,1
174961,1,1,1
174966,1,1,1
174981,1,1,1
174991,1,1,1
175001,1,1,1
175011,1,1,1
175021,1,1,1
175026,1,1,1
175031,1,1,1
175036,1,1,1
175051,1,1,1
175056,1,1,1
175066,1,1,1
175071,1,1,1
175076,1,1,1
175081,1,1,1
175091,1,1,1
175116,1,1,1
175126,1,1,1
175136,1,1,1
175146,1,1,1
175166,1,1,1
175176,1,1,1
175191,1,1,1
175206,1,1,1
175211,1,1,1
175221,1,1,1
175241,1,1,1
175256,1,1,1
175266,1,1,1
175271,1,1,1
175281,1,1,1
175286,1,1,1
175311,1,1,1
175321,1,1,1
175336,1,1,1
175341,1,1,1
175346,1,1,1
175356,1,1,1
175396,1,1,1
175401,1,1,1
175411,1,1,1
175416,1,1,1
175421,1,1,1
175436,1,1,1
175456,1,1,1
175461,1,1,1
175476,1,1,1
175486,1,1,1
175521,1,1,1
175531,1,1,1
175731,1,1,1
175751,1,1,1
175776,1,1,1
175811,1,1,1
175836,1,1,1
175866,1,1,1
175911,1,1,1
175961,1,1,1
176111,1,1,1
176131,1,1,1
176241,1,1,1
